{
  "navigationBarTitleText": "登陆界面",
  "usingComponents": {},
  "play":{"target_id":"432dcfb8-30af-4ec8-af63-ab82f7a2109f","parent_id":0,"project_id":"e1a3b7ef-58ed-4964-b6e7-97b1be18b03e","mark":"developing","target_type":"api","name":"注册用户接口","method":"POST","url":"http://127.0.0.1:3000/api/reg","sort":1,"type_sort":"1","update_day":1652198400000,"update_dtime":"2022-05-11 23:18:25","request":{"url":"http://127.0.0.1:3000/api/reg","description":"用户名 需要是4位数 \n密码为必填项\n\n全局状态码 说明\n\t\"status\": 0, 代表成功\n\n\t\"status\": 1, 代表失败\n\n{\n\t\"status\": 0,\n\t\"msg\": \"注册成功\",\n\t\"data\": {\n\t\t\"results\": {\n\t\t\t\"fieldCount\": 0,\n\t\t\t\"affectedRows\": 1,\n\t\t\t\"insertId\": 0,\n\t\t\t\"serverStatus\": 2,\n\t\t\t\"warningCount\": 0,\n\t\t\t\"message\": \"\",\n\t\t\t\"protocol41\": true,\n\t\t\t\"changedRows\": 0\n\t\t}\n\t}\n}\n","auth":{"type":"noauth","kv":{"key":"","value":""},"bearer":{"key":""},"basic":{"username":"","password":""}},"body":{"mode":"urlencoded","parameter":[{"description":"用户","is_checked":1,"key":"user","type":"Text","not_null":"1","field_type":"","value":"1234"},{"description":"密码","is_checked":1,"key":"pwd","type":"Text","not_null":"1","field_type":"","value":"1234"}],"raw":"","raw_para":[]},"event":{"pre_script":"","test":""},"header":{"parameter":[]},"query":{"parameter":[]},"cookie":{"parameter":[]},"resful":{"parameter":[]}},"response":{"success":{"raw":"{\n\t\"status\": 0,\n\t\"msg\": \"注册成功\",\n\t\"data\": {\n\t\t\"results\": {\n\t\t\t\"fieldCount\": 0,\n\t\t\t\"affectedRows\": 1,\n\t\t\t\"insertId\": 0,\n\t\t\t\"serverStatus\": 2,\n\t\t\t\"warningCount\": 0,\n\t\t\t\"message\": \"\",\n\t\t\t\"protocol41\": true,\n\t\t\t\"changedRows\": 0\n\t\t}\n\t}\n}","parameter":[]},"error":{"raw":"","parameter":[]}},"mock":"{}","mock_url":"","version":7,"hash":"","is_changed":-1}
}