{
  "usingComponents": {
    "date-time-picker":"../../components/date-time-picker/date-time-picker"
  },
  "play":{
    "path": "/pages/publishHomework/publishHomework",
    "target_id": "4e962736-defb-4c32-9c17-fe9ee8ec57b9",
    "parent_id": 0,
    "project_id": "e1a3b7ef-58ed-4964-b6e7-97b1be18b03e",
    "mark": "developing",
    "target_type": "api",
    "name": "预定信息新增",
    "method": "POST",
    "url": "http://127.0.0.1:3000/reserve/add",
    "sort": 6,
    "type_sort": "1",
    "update_day": 1652198400000,
    "update_dtime": "2022-05-11 23:18:53", 
    "request": { 
      "url": "http://127.0.0.1:3000/reserve/add", 
      "description": "\n响应示例\n{\n\t\"status\": 0,\n\t\"msg\": \"处理成功\",\n\t\"data\": {\n\t\t\"results\": {\n\t\t\t\"fieldCount\": 0,\n\t\t\t\"affectedRows\": 1,\n\t\t\t\"insertId\": 2,\n\t\t\t\"serverStatus\": 2,\n\t\t\t\"warningCount\": 0,\n\t\t\t\"message\": \"\",\n\t\t\t\"protocol41\": true,\n\t\t\t\"changedRows\": 0\n\t\t}\n\t}\n}", 
      "auth": { 
        "type": "noauth", 
        "kv": { "key": "", "value": "" }, 
        "bearer": { "key": "" }, 
        "basic": { "username": "", "password": "" } 
      }, 
      "body": { 
        "mode": "urlencoded", "parameter": [{ 
            "description": "目的地", 
            "is_checked": 1, 
            "key": "dest", 
            "type": "Text", 
            "not_null": "1", 
            "field_type": "", 
            "value": "中国" 
          }, 
          { 
            "description": "同行人数", 
            "is_checked": 1, 
            "key": "people", 
            "type": "Text", 
            "not_null": "1", 
            "field_type": "", 
            "value": "3" 
          }, 
          { 
            "description": "开始日期", 
            "is_checked": 1, 
            "key": "start_date", 
            "type": "Text", 
            "not_null": "1", 
            "field_type": "DateTime", 
            "value": "2022-05-11 22:30:38" 
          }, 
          { 
            "description": "结束日期", 
            "is_checked": 1, 
            "key": "end_date", 
            "type": "Text", 
            "not_null": "1", 
            "field_type": "DateTime", 
            "value": "2022-05-11 22:30:38" 
          }
        ], 
          "raw": "", 
          "raw_para": [] 
        }, 
        "event": { 
          "pre_script": "", 
          "test": "" 
        }, 
        "header": { 
          "parameter": [{ 
            "description": "",
            "is_checked": 1, 
            "key": "Authorization", 
            "type": "Text", 
            "not_null": "1", 
            "field_type": "", 
            "value": "Bearer eyJhbGciOiJIUzI1NiIsInR5cCI6IkpXVCJ9.eyJ1c2VyIjoxMjM0LCJwd2QiOiIiLCJpYXQiOjE2NTIyNzgyMDAsImV4cCI6MTY1MjI5MjYwMH0.LfaZmSiNLONWJBfgNfOMID5aw-07TNbkvyBxASfmdcw" 
          }] 
        }, 
        "query": { 
          "parameter": [] 
        }, 
        "cookie": { 
          "parameter": [] 
        }, 
        "resful": { 
          "parameter": [] 
        } 
      }, 
      "response": { 
        "success": { 
          "raw": "{\n\t\"status\": 0,\n\t\"msg\": \"处理成功\",\n\t\"data\": {\n\t\t\"results\": {\n\t\t\t\"fieldCount\": 0,\n\t\t\t\"affectedRows\": 1,\n\t\t\t\"insertId\": 2,\n\t\t\t\"serverStatus\": 2,\n\t\t\t\"warningCount\": 0,\n\t\t\t\"message\": \"\",\n\t\t\t\"protocol41\": true,\n\t\t\t\"changedRows\": 0\n\t\t}\n\t}\n}", 
          "parameter": [] 
        }, 
        "error": { 
          "raw": "", 
          "parameter": [] 
        } 
      }, 
      "mock": "{}", 
      "mock_url": "", 
      "version": 5, 
      "hash": "", 
      "is_changed": -1
  }
}