{
    "usingComponents": {},
    "play":{"target_id":"92d1d442-1109-44b8-a067-b0f55bfbd757","parent_id":0,"project_id":"e1a3b7ef-58ed-4964-b6e7-97b1be18b03e","mark":"developing","target_type":"api","name":"日记新增接口","method":"POST","url":"http://127.0.0.1:3000/apis/add","sort":3,"type_sort":"1","update_day":1652198400000,"update_dtime":"2022-05-11 23:18:36","request":{"url":"http://127.0.0.1:3000/apis/add","description":"响应示例\n\n{\n\t\"status\": 0,\n\t\"msg\": \"处理成功\",\n\t\"data\": {\n\t\t\"results\": {\n\t\t\t\"fieldCount\": 0,\n\t\t\t\"affectedRows\": 1,\n\t\t\t\"insertId\": 3,\n\t\t\t\"serverStatus\": 2,\n\t\t\t\"warningCount\": 0,\n\t\t\t\"message\": \"\",\n\t\t\t\"protocol41\": true,\n\t\t\t\"changedRows\": 0\n\t\t}\n\t}\n}","auth":{"type":"bearer","kv":{"key":"","value":""},"bearer":{"key":""},"basic":{"username":"","password":""}},"body":{"mode":"urlencoded","parameter":[{"description":"日记内容","is_checked":1,"key":"disry","type":"Text","not_null":"1","field_type":"","value":"123456654"}],"raw":"","raw_para":[]},"event":{"pre_script":"","test":""},"header":{"parameter":[{"description":"填写获取到的token","is_checked":1,"key":"Authorization","type":"Text","not_null":"1","field_type":"","value":"Bearer eyJhbGciOiJIUzI1NiIsInR5cCI6IkpXVCJ9.eyJ1c2VyIjoxMjM0LCJwd2QiOiIiLCJpYXQiOjE2NTIyNzgyMDAsImV4cCI6MTY1MjI5MjYwMH0.LfaZmSiNLONWJBfgNfOMID5aw-07TNbkvyBxASfmdcw"}]},"query":{"parameter":[]},"cookie":{"parameter":[]},"resful":{"parameter":[]}},"response":{"success":{"raw":"{\n\t\"status\": 0,\n\t\"msg\": \"处理成功\",\n\t\"data\": {\n\t\t\"results\": {\n\t\t\t\"fieldCount\": 0,\n\t\t\t\"affectedRows\": 1,\n\t\t\t\"insertId\": 3,\n\t\t\t\"serverStatus\": 2,\n\t\t\t\"warningCount\": 0,\n\t\t\t\"message\": \"\",\n\t\t\t\"protocol41\": true,\n\t\t\t\"changedRows\": 0\n\t\t}\n\t}\n}","parameter":[]},"error":{"raw":"","parameter":[]}},"mock":"{}","mock_url":"","version":5,"hash":"","is_changed":-1}
}